label,count,share
neutral,3845,0.4832223199698379
negative,2374,0.2983536508734448
positive,1738,0.21842402915671735
