label,count,share
neutral,4273,0.483261705496494
negative,2638,0.298348789866546
positive,1931,0.21838950463695997
